{
  "{1,2}": {
    "1": {
      "bottle": {
        "i_auroc": 0.6177248677248678,
        "p_auroc": 0.8771187353385262,
        "p_ap": 0.35434014782608747
      },
      "cable": {
        "i_auroc": 0.5364817591204397,
        "p_auroc": 0.7525615078966593,
        "p_ap": 0.18345748209084214
      },
      "capsule": {
        "i_auroc": 0.574790586358197,
        "p_auroc": 0.8487568345628338,
        "p_ap": 0.06560388913952704
      },
      "carpet": {
        "i_auroc": 0.7763509898341358,
        "p_auroc": 0.9082986893863086,
        "p_ap": 0.4045118845320017
      },
      "grid": {
        "i_auroc": 0.45753272069061546,
        "p_auroc": 0.601647272801426,
        "p_ap": 0.009333207567476126
      },
      "hazelnut": {
        "i_auroc": 0.6238095238095238,
        "p_auroc": 0.8357742605409104,
        "p_ap": 0.18250956374068605
      },
      "leather": {
        "i_auroc": 0.862092391304348,
        "p_auroc": 0.9585846849714262,
        "p_ap": 0.4348216740995234
      },
      "metal_nut": {
        "i_auroc": 0.6189312479635061,
        "p_auroc": 0.8715385765877809,
        "p_ap": 0.48601863488456726
      },
      "pill": {
        "i_auroc": 0.6312056737588653,
        "p_auroc": 0.9003550362543024,
        "p_ap": 0.32729422649057205
      },
      "screw": {
        "i_auroc": 0.4802896768463482,
        "p_auroc": 0.747463047736041,
        "p_ap": 0.005276806215317738
      },
      "tile": {
        "i_auroc": 0.714045214045214,
        "p_auroc": 0.8469958600239683,
        "p_ap": 0.43347684593559327
      },
      "toothbrush": {
        "i_auroc": 0.48981481481481487,
        "p_auroc": 0.8173324437149159,
        "p_ap": 0.051325710499793155
      },
      "transistor": {
        "i_auroc": 0.5931944444444444,
        "p_auroc": 0.6690073005592478,
        "p_ap": 0.09242027657798228
      },
      "wood": {
        "i_auroc": 0.8701754385964913,
        "p_auroc": 0.7762142759294131,
        "p_ap": 0.22917457208601988
      },
      "zipper": {
        "i_auroc": 0.6761204481792716,
        "p_auroc": 0.6499424782613769,
        "p_ap": 0.0420170706604057
      }
    },
    "2": {
      "bottle": {
        "i_auroc": 0.5738095238095239,
        "p_auroc": 0.7692497674551038,
        "p_ap": 0.20020275031047188
      },
      "cable": {
        "i_auroc": 0.5585332333833084,
        "p_auroc": 0.8381366620354459,
        "p_ap": 0.2797491263199475
      },
      "capsule": {
        "i_auroc": 0.5923414439569207,
        "p_auroc": 0.6951955129991504,
        "p_ap": 0.05037111372661143
      },
      "carpet": {
        "i_auroc": 0.6616506153023006,
        "p_auroc": 0.881953233773508,
        "p_ap": 0.2991693339218458
      },
      "grid": {
        "i_auroc": 0.3645224171539961,
        "p_auroc": 0.632598065012398,
        "p_ap": 0.010976313570134554
      },
      "hazelnut": {
        "i_auroc": 0.5908333333333333,
        "p_auroc": 0.8839963542187671,
        "p_ap": 0.19033305936109776
      },
      "leather": {
        "i_auroc": 0.7886096014492753,
        "p_auroc": 0.9413466344069074,
        "p_ap": 0.38219605464787104
      },
      "metal_nut": {
        "i_auroc": 0.5891169762137504,
        "p_auroc": 0.8650185301444333,
        "p_ap": 0.4920150810588959
      },
      "pill": {
        "i_auroc": 0.6264775413711584,
        "p_auroc": 0.8787111339840168,
        "p_ap": 0.3401073684049583
      },
      "screw": {
        "i_auroc": 0.6338730614196898,
        "p_auroc": 0.7328104153422275,
        "p_ap": 0.010040428617691556
      },
      "tile": {
        "i_auroc": 0.6458633958633958,
        "p_auroc": 0.7698900172545647,
        "p_ap": 0.30271557206723393
      },
      "toothbrush": {
        "i_auroc": 0.5083333333333333,
        "p_auroc": 0.802767949546164,
        "p_ap": 0.04983645624512647
      },
      "transistor": {
        "i_auroc": 0.4945833333333332,
        "p_auroc": 0.7009189019787327,
        "p_ap": 0.09544219496093086
      },
      "wood": {
        "i_auroc": 0.6789473684210527,
        "p_auroc": 0.7165812637466679,
        "p_ap": 0.1684166157416175
      },
      "zipper": {
        "i_auroc": 0.6480217086834734,
        "p_auroc": 0.5967395032654568,
        "p_ap": 0.03878873223269174
      }
    }
  },
  "{3,4}": {
    "1": {
      "bottle": {
        "i_auroc": 0.6484126984126983,
        "p_auroc": 0.9078287215603608,
        "p_ap": 0.399398485422193
      },
      "cable": {
        "i_auroc": 0.581271864067966,
        "p_auroc": 0.7759081836148544,
        "p_ap": 0.2596044994901715
      },
      "capsule": {
        "i_auroc": 0.4803882462438506,
        "p_auroc": 0.8833017441558982,
        "p_ap": 0.10173993001868493
      },
      "carpet": {
        "i_auroc": 0.7746120920278224,
        "p_auroc": 0.9101927584081744,
        "p_ap": 0.38812844373400873
      },
      "grid": {
        "i_auroc": 0.42578668894458366,
        "p_auroc": 0.5941019283357909,
        "p_ap": 0.009678623394242922
      },
      "hazelnut": {
        "i_auroc": 0.5738095238095239,
        "p_auroc": 0.7762319831010481,
        "p_ap": 0.1204391853052466
      },
      "leather": {
        "i_auroc": 0.8584692028985507,
        "p_auroc": 0.9625405750419734,
        "p_ap": 0.455825880922948
      },
      "metal_nut": {
        "i_auroc": 0.6601498859563376,
        "p_auroc": 0.8622363079579194,
        "p_ap": 0.4722537990055682
      },
      "pill": {
        "i_auroc": 0.621658483360611,
        "p_auroc": 0.7883658404504246,
        "p_ap": 0.25845314861766583
      },
      "screw": {
        "i_auroc": 0.3944797431167589,
        "p_auroc": 0.6980711916641126,
        "p_ap": 0.0040490565696170025
      },
      "tile": {
        "i_auroc": 0.6862674362674362,
        "p_auroc": 0.8379796152849831,
        "p_ap": 0.3944136702168999
      },
      "toothbrush": {
        "i_auroc": 0.5398148148148149,
        "p_auroc": 0.840345438169253,
        "p_ap": 0.05243017416619087
      },
      "transistor": {
        "i_auroc": 0.5572222222222223,
        "p_auroc": 0.7082541515117637,
        "p_ap": 0.10467521200060709
      },
      "wood": {
        "i_auroc": 0.7894736842105262,
        "p_auroc": 0.7662996185053204,
        "p_ap": 0.22119154523723694
      },
      "zipper": {
        "i_auroc": 0.6678921568627452,
        "p_auroc": 0.6372173684271866,
        "p_ap": 0.04962577382258501
      }
    },
    "2": {
      "bottle": {
        "i_auroc": 0.6968253968253969,
        "p_auroc": 0.8583783870675162,
        "p_ap": 0.37038099716990486
      },
      "cable": {
        "i_auroc": 0.6294977511244377,
        "p_auroc": 0.8518222237369186,
        "p_ap": 0.3620450261368555
      },
      "capsule": {
        "i_auroc": 0.4579178300757878,
        "p_auroc": 0.6683701231917469,
        "p_ap": 0.023679117799256872
      },
      "carpet": {
        "i_auroc": 0.6952915997859818,
        "p_auroc": 0.8875302716508209,
        "p_ap": 0.2822617521889547
      },
      "grid": {
        "i_auroc": 0.4352548036758564,
        "p_auroc": 0.6242899200644679,
        "p_ap": 0.010798922802633589
      },
      "hazelnut": {
        "i_auroc": 0.6345238095238095,
        "p_auroc": 0.8932077068306983,
        "p_ap": 0.24704136639760854
      },
      "leather": {
        "i_auroc": 0.7762681159420289,
        "p_auroc": 0.9453186836195435,
        "p_ap": 0.39055741182655046
      },
      "metal_nut": {
        "i_auroc": 0.6036168132942327,
        "p_auroc": 0.8681885922754339,
        "p_ap": 0.5113889228125875
      },
      "pill": {
        "i_auroc": 0.5507364975450083,
        "p_auroc": 0.8529769110588324,
        "p_ap": 0.21659883924133008
      },
      "screw": {
        "i_auroc": 0.5706087312973971,
        "p_auroc": 0.8620027221599208,
        "p_ap": 0.012786926735699764
      },
      "tile": {
        "i_auroc": 0.6654641654641654,
        "p_auroc": 0.8136263461150729,
        "p_ap": 0.3803513548750008
      },