{
  "PatchCore": {
    "bottle": {
      "i_auroc": 0.6584656084656085,
      "p_auroc": 0.8967801896291346,
      "p_ap": 0.39769652131253413
    },
    "cable": {
      "i_auroc": 0.596951524237881,
      "p_auroc": 0.7683036498758312,
      "p_ap": 0.24856006329302524
    },
    "capsule": {
      "i_auroc": 0.46230554447546873,
      "p_auroc": 0.44853826457071716,
      "p_ap": 0.008878147187630315
    },
    "carpet": {
      "i_auroc": 0.7746120920278224,
      "p_auroc": 0.90019661511531,
      "p_ap": 0.3809508910636002
    },
    "grid": {
      "i_auroc": 0.4519632414369257,
      "p_auroc": 0.5094720123069693,
      "p_ap": 0.00698214976706969
    },
    "hazelnut": {
      "i_auroc": 0.6388095238095238,
      "p_auroc": 0.7086666364388773,
      "p_ap": 0.10630698262576531
    },
    "leather": {
      "i_auroc": 0.8761322463768115,
      "p_auroc": 0.916278990665952,
      "p_ap": 0.34225074389547827
    },
    "metal_nut": {
      "i_auroc": 0.650374714890844,
      "p_auroc": 0.881939163490037,
      "p_ap": 0.5199901359393352
    },
    "pill": {
      "i_auroc": 0.5984724495362793,
      "p_auroc": 0.8415874993368343,
      "p_ap": 0.18766251222657948
    },
    "screw": {
      "i_auroc": 0.46881191500990643,
      "p_auroc": 0.7953159305316367,
      "p_ap": 0.005897750371990486
    },
    "tile": {
      "i_auroc": 0.6014911014911015,
      "p_auroc": 0.8126472808006581,
      "p_ap": 0.2496134086001404
    },
    "toothbrush": {
      "i_auroc": 0.4953703703703704,
      "p_auroc": 0.9199682380439128,
      "p_ap": 0.0893304373679875
    },
    "transistor": {
      "i_auroc": 0.6833333333333332,
      "p_auroc": 0.5566659937811343,
      "p_ap": 0.056679294156553546
    },
    "wood": {
      "i_auroc": 0.6383040935672515,
      "p_auroc": 0.67679912722263,
      "p_ap": 0.15401583450876055
    },
    "zipper": {
      "i_auroc": 0.7047443977591037,
      "p_auroc": 0.7769297683429718,
      "p_ap": 0.07459309355004796
    }
  },
  "+ Adapter": {
    "bottle": {
      "i_auroc": 0.6386243386243386,
      "p_auroc": 0.9040098559105255,
      "p_ap": 0.34756074812106236
    },
    "cable": {
      "i_auroc": 0.5870814592703648,
      "p_auroc": 0.8025749735869576,
      "p_ap": 0.34742284024920456
    },
    "capsule": {
      "i_auroc": 0.4552586092274964,
      "p_auroc": 0.7251594881915494,
      "p_ap": 0.06405571022960738
    },
    "carpet": {
      "i_auroc": 0.7256554307116104,
      "p_auroc": 0.8883317663051393,
      "p_ap": 0.37547524389543935
    },
    "grid": {
      "i_auroc": 0.39682539682539675,
      "p_auroc": 0.5410625423486743,
      "p_ap": 0.008162612690359823
    },
    "hazelnut": {
      "i_auroc": 0.6790476190476191,
      "p_auroc": 0.9350018674339381,
      "p_ap": 0.2849989585219726
    },
    "leather": {
      "i_auroc": 0.8383152173913043,
      "p_auroc": 0.9646812817248384,
      "p_ap": 0.4572651939220678
    },
    "metal_nut": {
      "i_auroc": 0.590257412838058,
      "p_auroc": 0.8938913378904969,
      "p_ap": 0.5250961727131404
    },
    "pill": {
      "i_auroc": 0.630114566284779,
      "p_auroc": 0.8483772487102167,
      "p_ap": 0.18733195217496537
    },
    "screw": {
      "i_auroc": 0.5511375281820045,
      "p_auroc": 0.9079499705531631,
      "p_ap": 0.014246010809057297
    },
    "tile": {
      "i_auroc": 0.6583694083694084,
      "p_auroc": 0.8285722878138527,
      "p_ap": 0.38091114167288237
    },
    "toothbrush": {
      "i_auroc": 0.49444444444444446,
      "p_auroc": 0.9097130071177032,
      "p_ap": 0.08170961631146616
    },
    "transistor": {
      "i_auroc": 0.5993055555555556,
      "p_auroc": 0.5599184845474624,
      "p_ap": 0.0643535224533119
    },
    "wood": {
      "i_auroc": 0.8228070175438597,
      "p_auroc": 0.7414724565756289,
      "p_ap": 0.20798759687168375
    },
    "zipper": {
      "i_auroc": 0.6972163865546218,
      "p_auroc": 0.8569886581046395,
      "p_ap": 0.09100212276408
    }
  },
  "+ FMN": {
    "bottle": {
      "i_auroc": 0.6878306878306879,
      "p_auroc": 0.8415856114031478,
      "p_ap": 0.21921831316173038
    },
    "cable": {
      "i_auroc": 0.5977011494252874,
      "p_auroc": 0.8605792401471689,
      "p_ap": 0.27608164562991605
    },
    "capsule": {
      "i_auroc": 0.46988432389309936,
      "p_auroc": 0.611969211594627,
      "p_ap": 0.017932158758101797
    },
    "carpet": {
      "i_auroc": 0.6149010165864098,
      "p_auroc": 0.8518711343099971,
      "p_ap": 0.1872120274413467
    },
    "grid": {
      "i_auroc": 0.46059593428014484,
      "p_auroc": 0.6106150998944828,
      "p_ap": 0.00975047944325934
    },
    "hazelnut": {
      "i_auroc": 0.4048809523809524,
      "p_auroc": 0.7748669220847756,
      "p_ap": 0.06626823813717084
    },
    "leather": {
      "i_auroc": 0.757133152173913,
      "p_auroc": 0.8926571410079854,
      "p_ap": 0.21460770846521648
    },
    "metal_nut": {
      "i_auroc": 0.6578690127077224,
      "p_auroc": 0.8520603723361285,
      "p_ap": 0.446576617236588
    },
    "pill": {
      "i_auroc": 0.5903800691034734,
      "p_auroc": 0.8650456834631187,
      "p_ap": 0.29089351614104614
    },
    "screw": {
      "i_auroc": 0.5003074400491904,
      "p_auroc": 0.5436607571851167,
      "p_ap": 0.0035991515933286714
    },
    "tile": {
      "i_auroc": 0.6479076479076479,
      "p_auroc": 0.7762237774495344,
      "p_ap": 0.3599846491464456
    },
    "toothbrush": {
      "i_auroc": 0.4611111111111111,
      "p_auroc": 0.8944022522783807,
      "p_ap": 0.06992995794416663
    },
    "transistor": {
      "i_auroc": 0.6280555555555555,
      "p_auroc": 0.663959335353657,
      "p_ap": 0.1062990708731379
    },
    "wood": {
      "i_auroc": 0.6698830409356725,
      "p_auroc": 0.7553826129763618,
      "p_ap": 0.15745367736759433
    },
    "zipper": {
      "i_auroc": 0.592874649859944,
      "p_auroc": 0.6726622248753144,
      "p_ap": 0.04212579751826475
    }
  },
  "Full DFM": {
    "bottle": {
      "i_auroc": 0.6746031746031745,
      "p_auroc": 0.792287808458988,
      "p_ap": 0.2921576813562416
    },
    "cable": {
      "i_auroc": 0.606696651674163,
      "p_auroc": 0.8582123725764669,
      "p_ap": 0.35428200173198016
    },
    "capsule": {
      "i_auroc": 0.4920888179763329,
      "p_auroc": 0.7857658035428067,
      "p_ap": 0.0602562044702602
    },
    "carpet": {
      "i_auroc": 0.6444622792937401,
      "p_auroc": 0.8617558221777447,
      "p_ap": 0.25875139259350777
    },
    "grid": {
      "i_auroc": 0.367307156780841,
      "p_auroc": 0.6148215405869814,
      "p_ap": 0.01093433307126486
    },
    "hazelnut": {
      "i_auroc": 0.5108333333333334,
      "p_auroc": 0.9139184745576306,
      "p_ap": 0.25305954769044714
    },
    "leather": {
      "i_auroc": 0.8455615942028986,
      "p_auroc": 0.9554491441710588,
      "p_ap": 0.4302852072111904
    },
    "metal_nut": {
      "i_auroc": 0.6021505376344085,
      "p_auroc": 0.8603982982060572,
      "p_ap": 0.5204859795816347
    },
    "pill": {
      "i_auroc": 0.6086561192944172,
      "p_auroc": 0.8603854619784812,
      "p_ap": 0.2567949444367017
    },
    "screw": {
      "i_auroc": 0.5581744893079184,
      "p_auroc": 0.891463745383605,
      "p_ap": 0.014934247515194496
    },
    "tile": {
      "i_auroc": 0.6038961038961039,
      "p_auroc": 0.7883003983998481,
      "p_ap": 0.2997123737936393
    },
    "toothbrush": {
      "i_auroc": 0.549074074074074,
      "p_auroc": 0.8604896588686032,
      "p_ap": 0.055368314194162715
    },
    "transistor": {
      "i_auroc": 0.5070833333333332,
      "p_auroc": 0.6930038221008882,
      "p_ap": 0.11718363318594693
    },
    "wood": {
      "i_auroc": 0.7792397660818713,
      "p_auroc": 0.762418086027782,
      "p_ap": 0.21882062105664665
    },
    "zipper": {
      "i_auroc": 0.6698179271708683,
      "p_auroc": 0.5339176303664462,
      "p_ap": 0.029729338716376716
    }
  }
}