{
  "1": {
    "bottle": {
      "i_auroc": 0.6203703703703703,
      "p_auroc": 0.8880492570654228,
      "p_ap": 0.4016262616983301
    },
    "cable": {
      "i_auroc": 0.5153673163418291,
      "p_auroc": 0.7915951089241573,
      "p_ap": 0.22082868104858808
    },
    "capsule": {
      "i_auroc": 0.5382262996941897,
      "p_auroc": 0.9278323336317289,
      "p_ap": 0.12302409543391614
    },
    "carpet": {
      "i_auroc": 0.7124130551096842,
      "p_auroc": 0.8837536723236301,
      "p_ap": 0.32234411550165387
    },
    "grid": {
      "i_auroc": 0.4823169033695349,
      "p_auroc": 0.5748158687750049,
      "p_ap": 0.00861981851145258
    },
    "hazelnut": {
      "i_auroc": 0.38940476190476186,
      "p_auroc": 0.6807789043942387,
      "p_ap": 0.05146586062174139
    },
    "leather": {
      "i_auroc": 0.8727355072463768,
      "p_auroc": 0.9651920992512553,
      "p_ap": 0.4105829024845769
    },
    "metal_nut": {
      "i_auroc": 0.5744542196155099,
      "p_auroc": 0.8728610811447418,
      "p_ap": 0.5044409310360183
    },
    "pill": {
      "i_auroc": 0.5378250591016548,
      "p_auroc": 0.8911384515450836,
      "p_ap": 0.3109418191721364
    },
    "screw": {
      "i_auroc": 0.4630047140807542,
      "p_auroc": 0.7569819857218265,
      "p_ap": 0.006291504016347882
    },
    "tile": {
      "i_auroc": 0.6862674362674364,
      "p_auroc": 0.8157790400482615,
      "p_ap": 0.40475789937224577
    },
    "toothbrush": {
      "i_auroc": 0.5546296296296297,
      "p_auroc": 0.8963744090562544,
      "p_ap": 0.0685700160346751
    },
    "transistor": {
      "i_auroc": 0.47236111111111106,
      "p_auroc": 0.6998857758444531,
      "p_ap": 0.09915541549716184
    },
    "wood": {
      "i_auroc": 0.5573099415204679,
      "p_auroc": 0.6555725889910616,
      "p_ap": 0.12990236171024094
    },
    "zipper": {
      "i_auroc": 0.6214110644257703,
      "p_auroc": 0.46590428766653985,
      "p_ap": 0.019549899001261813
    }
  },
  "2": {
    "bottle": {
      "i_auroc": 0.7275132275132274,
      "p_auroc": 0.7955506784159548,
      "p_ap": 0.18293825093772775
    },
    "cable": {
      "i_auroc": 0.5670289855072465,
      "p_auroc": 0.8303844437903422,
      "p_ap": 0.27267619881548244
    },
    "capsule": {
      "i_auroc": 0.5301156761069007,
      "p_auroc": 0.7521827875315313,
      "p_ap": 0.06214207716706751
    },
    "carpet": {
      "i_auroc": 0.6829855537720707,
      "p_auroc": 0.8824510916196969,
      "p_ap": 0.2559475062852688
    },
    "grid": {
      "i_auroc": 0.4466722361459204,
      "p_auroc": 0.6214794213241713,
      "p_ap": 0.009758252243845083
    },
    "hazelnut": {
      "i_auroc": 0.5392857142857144,
      "p_auroc": 0.8324141958899389,
      "p_ap": 0.13633120601705653
    },
    "leather": {
      "i_auroc": 0.7935914855072465,
      "p_auroc": 0.9116260633596021,
      "p_ap": 0.2816939006055048
    },
    "metal_nut": {
      "i_auroc": 0.5856956663408276,
      "p_auroc": 0.8753997929800758,
      "p_ap": 0.5147043273852462
    },
    "pill": {
      "i_auroc": 0.5901072922349518,
      "p_auroc": 0.867501828978979,
      "p_ap": 0.2966861171051011
    },
    "screw": {
      "i_auroc": 0.3923618227778916,
      "p_auroc": 0.8270276109808803,
      "p_ap": 0.009798293194785023
    },
    "tile": {
      "i_auroc": 0.6286676286676287,
      "p_auroc": 0.7624003388470225,
      "p_ap": 0.264684536715677
    },
    "toothbrush": {
      "i_auroc": 0.4527777777777778,
      "p_auroc": 0.8828748531785956,
      "p_ap": 0.059708922123290285
    },
    "transistor": {
      "i_auroc": 0.6619444444444444,
      "p_auroc": 0.6779190851999016,
      "p_ap": 0.15026078353343789
    },
    "wood": {
      "i_auroc": 0.6263157894736842,
      "p_auroc": 0.7214819499422097,
      "p_ap": 0.16633624232069916
    },
    "zipper": {
      "i_auroc": 0.6361169467787114,
      "p_auroc": 0.6777433297162819,
      "p_ap": 0.04008628829160286
    }
  },
  "4": {
    "bottle": {
      "i_auroc": 0.7116402116402116,
      "p_auroc": 0.8394225872841373,
      "p_ap": 0.2503321834126944
    },
    "cable": {
      "i_auroc": 0.6168165917041479,
      "p_auroc": 0.8492223636050934,
      "p_ap": 0.3390581253575869
    },
    "capsule": {
      "i_auroc": 0.5176173381199308,
      "p_auroc": 0.6132525442057175,
      "p_ap": 0.018590545382530754
    },
    "carpet": {
      "i_auroc": 0.6296147672552167,
      "p_auroc": 0.8501756117044876,
      "p_ap": 0.21111643749808648
    },
    "grid": {
      "i_auroc": 0.3689780005569479,
      "p_auroc": 0.624191215584137,
      "p_ap": 0.01039021702601788
    },
    "hazelnut": {
      "i_auroc": 0.5176190476190476,
      "p_auroc": 0.7991304519723735,
      "p_ap": 0.07793205039073879
    },
    "leather": {
      "i_auroc": 0.7801177536231885,
      "p_auroc": 0.9403864331008163,
      "p_ap": 0.36348679918474996
    },
    "metal_nut": {
      "i_auroc": 0.615347018572825,
      "p_auroc": 0.8378072106376987,
      "p_ap": 0.43629793114064325
    },
    "pill": {
      "i_auroc": 0.5652845971994908,
      "p_auroc": 0.8632562257762005,
      "p_ap": 0.2696352159620516
    },
    "screw": {
      "i_auroc": 0.6258113001298081,
      "p_auroc": 0.7599919208927997,
      "p_ap": 0.008656452853882569
    },
    "tile": {
      "i_auroc": 0.7160894660894662,
      "p_auroc": 0.7670961860315764,
      "p_ap": 0.30207714533723906
    },
    "toothbrush": {
      "i_auroc": 0.4611111111111111,
      "p_auroc": 0.7766203719694729,
      "p_ap": 0.04254275311881564
    },
    "transistor": {
      "i_auroc": 0.5726388888888888,
      "p_auroc": 0.6960136580386828,
      "p_ap": 0.0862341073805337
    },
    "wood": {
      "i_auroc": 0.7730994152046784,
      "p_auroc": 0.784702828906314,
      "p_ap": 0.21872245500628007
    },
    "zipper": {
      "i_auroc": 0.7034313725490197,
      "p_auroc": 0.6428408030458087,
      "p_ap": 0.03823315955302601
    }
  },
  "8": {
    "bottle": {
      "i_auroc": 0.653968253968254,
      "p_auroc": 0.8141204749009483,
      "p_ap": 0.2141120241130504
    },
    "cable": {
      "i_auroc": 0.6093828085957022,
      "p_auroc": 0.7857619457479169,
      "p_ap": 0.17086641877326122
    },
    "capsule": {
      "i_auroc": 0.5126977795505917,
      "p_auroc": 0.5741511388148879,
      "p_ap": 0.010892694681574036
    },
    "carpet": {
      "i_auroc": 0.5652755484216158,
      "p_auroc": 0.8237878847855176,
      "p_ap": 0.16377289054212243
    },
    "grid": {
      "i_auroc": 0.4394319131161237,
      "p_auroc": 0.6147550100243144,
      "p_ap": 0.009926877932170675
    },
    "hazelnut": {
      "i_auroc": 0.5783333333333333,
      "p_auroc": 0.8087098874647135,
      "p_ap": 0.17691720277768583
    },
    "leather": {
      "i_auroc": 0.6910099637681159,
      "p_auroc": 0.8668985149963677,
      "p_ap": 0.15782345665598133
    },
    "metal_nut": {
      "i_auroc": 0.5829260345389378,
      "p_auroc": 0.7650259338826048,
      "p_ap": 0.2685749712414279
    },
    "pill": {
      "i_auroc": 0.6100200036370249,
      "p_auroc": 0.8261866620786315,
      "p_ap": 0.17912745228899055
    },
    "screw": {
      "i_auroc": 0.5295484047277448,
      "p_auroc": 0.5389937422978205,
      "p_ap": 0.005654858160756914
    },
    "tile": {
      "i_auroc": 0.5762385762385763,
      "p_auroc": 0.7191406291801404,
      "p_ap": 0.23175764595632778
    },
    "toothbrush": {
      "i_auroc": 0.6314814814814814,
      "p_auroc": 0.50533161331278,
      "p_ap": 0.014614116419345376
    },
    "transistor": {
      "i_auroc": 0.6443055555555556,
      "p_auroc": 0.6313451220893743,
      "p_ap": 0.11022403721650746
    },
    "wood": {
      "i_auroc": 0.7093567251461987,
      "p_auroc": 0.6982310146089867,
      "p_ap": 0.1439726601027795
    },
    "zipper": {
      "i_auroc": 0.7296043417366946,
      "p_auroc": 0.5570141788745443,
      "p_ap": 0.025824693230191816
    }
  },
  "4": {
    "bottle": {
      "i_auroc": 0.5137566137566137,